"DESCRIPTION","DURATION IN MS","NAME","PARENT SUITE","START TIME","STATUS","STOP TIME","SUB SUITE","SUITE","TEST CLASS","TEST METHOD"
"","1","testEmptyString","","Sat Apr 19 17:52:09 EET 2025","broken","Sat Apr 19 17:52:09 EET 2025","","test.YearTest","test.YearTest","testEmptyString"
"","1","testZeroYear","","Sat Apr 19 17:52:09 EET 2025","passed","Sat Apr 19 17:52:09 EET 2025","","test.YearTest","test.YearTest","testZeroYear"
"","1","testNullWeekThrowsNPE","","Sat Apr 19 17:52:09 EET 2025","failed","Sat Apr 19 17:52:09 EET 2025","","test.DiscountCalculatorTest","test.DiscountCalculatorTest","testNullWeekThrowsNPE"
"","1","testCompareTo_FutureYear","","Sat Apr 19 17:52:09 EET 2025","passed","Sat Apr 19 17:52:09 EET 2025","","test.YearTest","test.YearTest","testCompareTo_FutureYear"
"","0","testIsTheSpecialWeekWithWrongDate","","Sat Apr 19 17:52:09 EET 2025","passed","Sat Apr 19 17:52:09 EET 2025","","test.DiscountCalculatorTest","test.DiscountCalculatorTest","testIsTheSpecialWeekWithWrongDate"
"","0","getDiscountPercentage_ShouldWork_ForLastWeek","","Sat Apr 19 17:52:09 EET 2025","passed","Sat Apr 19 17:52:09 EET 2025","","test.DiscountCalculatorTest","test.DiscountCalculatorTest","getDiscountPercentage_ShouldWork_ForLastWeek"
"","1","testParseYearInvalidFormat","","Sat Apr 19 17:52:09 EET 2025","broken","Sat Apr 19 17:52:09 EET 2025","","test.YearTest","test.YearTest","testParseYearInvalidFormat"
"","0","testEquals_NullObject","","Sat Apr 19 17:52:09 EET 2025","passed","Sat Apr 19 17:52:09 EET 2025","","test.YearTest","test.YearTest","testEquals_NullObject"
"","1","testNullInput","","Sat Apr 19 17:52:09 EET 2025","broken","Sat Apr 19 17:52:09 EET 2025","","test.YearTest","test.YearTest","testNullInput"
"","1","testLastMillisecond_FutureYear","","Sat Apr 19 17:52:09 EET 2025","passed","Sat Apr 19 17:52:09 EET 2025","","test.YearTest","test.YearTest","testLastMillisecond_FutureYear"
"","1","testToStringWithMaximumYear","","Sat Apr 19 17:52:09 EET 2025","passed","Sat Apr 19 17:52:09 EET 2025","","test.YearTest","test.YearTest","testToStringWithMaximumYear"
"","1","testEquals_DifferentType","","Sat Apr 19 17:52:09 EET 2025","passed","Sat Apr 19 17:52:09 EET 2025","","test.YearTest","test.YearTest","testEquals_DifferentType"
"","0","testCompareTo_After","","Sat Apr 19 17:52:09 EET 2025","passed","Sat Apr 19 17:52:09 EET 2025","","test.YearTest","test.YearTest","testCompareTo_After"
"","1","testIsTheSpecialWeekWhenTrue","","Sat Apr 19 17:52:09 EET 2025","passed","Sat Apr 19 17:52:09 EET 2025","","test.DiscountCalculatorTest","test.DiscountCalculatorTest","testIsTheSpecialWeekWhenTrue"
"","0","testToStringWithMinimumYear","","Sat Apr 19 17:52:09 EET 2025","passed","Sat Apr 19 17:52:09 EET 2025","","test.YearTest","test.YearTest","testToStringWithMinimumYear"
"","0","testToString","","Sat Apr 19 17:52:09 EET 2025","passed","Sat Apr 19 17:52:09 EET 2025","","test.YearTest","test.YearTest","testToString"
"","0","testNonNumericYear","","Sat Apr 19 17:52:09 EET 2025","broken","Sat Apr 19 17:52:09 EET 2025","","test.YearTest","test.YearTest","testNonNumericYear"
"","0","testCompareTo_Before","","Sat Apr 19 17:52:09 EET 2025","passed","Sat Apr 19 17:52:09 EET 2025","","test.YearTest","test.YearTest","testCompareTo_Before"
"","0","testEquals_BoundaryCase_MinValue","","Sat Apr 19 17:52:09 EET 2025","passed","Sat Apr 19 17:52:09 EET 2025","","test.YearTest","test.YearTest","testEquals_BoundaryCase_MinValue"
"","0","testCompareTo_SameYear","","Sat Apr 19 17:52:09 EET 2025","passed","Sat Apr 19 17:52:09 EET 2025","","test.YearTest","test.YearTest","testCompareTo_SameYear"
"","1","testCompareTo_SameObject","","Sat Apr 19 17:52:09 EET 2025","passed","Sat Apr 19 17:52:09 EET 2025","","test.YearTest","test.YearTest","testCompareTo_SameObject"
"","0","testEquals_BoundaryCase_MaxValue","","Sat Apr 19 17:52:09 EET 2025","passed","Sat Apr 19 17:52:09 EET 2025","","test.YearTest","test.YearTest","testEquals_BoundaryCase_MaxValue"
"","1","testHashCodeInequality","","Sat Apr 19 17:52:09 EET 2025","passed","Sat Apr 19 17:52:09 EET 2025","","test.YearTest","test.YearTest","testHashCodeInequality"
"","1","testEquals_DifferentYear","","Sat Apr 19 17:52:09 EET 2025","passed","Sat Apr 19 17:52:09 EET 2025","","test.YearTest","test.YearTest","testEquals_DifferentYear"
"","0","testLastMillisecond_LeapYear","","Sat Apr 19 17:52:09 EET 2025","passed","Sat Apr 19 17:52:09 EET 2025","","test.YearTest","test.YearTest","testLastMillisecond_LeapYear"
"","1","testCompareTo_PastYear","","Sat Apr 19 17:52:09 EET 2025","passed","Sat Apr 19 17:52:09 EET 2025","","test.YearTest","test.YearTest","testCompareTo_PastYear"
"","0","getDiscountPercentage_ShouldWork_ForFirstWeek","","Sat Apr 19 17:52:09 EET 2025","passed","Sat Apr 19 17:52:09 EET 2025","","test.DiscountCalculatorTest","test.DiscountCalculatorTest","getDiscountPercentage_ShouldWork_ForFirstWeek"
"","0","testValidYear","","Sat Apr 19 17:52:09 EET 2025","passed","Sat Apr 19 17:52:09 EET 2025","","test.YearTest","test.YearTest","testValidYear"
"","0","testGetDiscountPercentageEvenWeek","","Sat Apr 19 17:52:09 EET 2025","passed","Sat Apr 19 17:52:09 EET 2025","","test.DiscountCalculatorTest","test.DiscountCalculatorTest","testGetDiscountPercentageEvenWeek"
"","0","testWeirdDateLikeLeapYear","","Sat Apr 19 17:52:09 EET 2025","passed","Sat Apr 19 17:52:09 EET 2025","","test.DiscountCalculatorTest","test.DiscountCalculatorTest","testWeirdDateLikeLeapYear"
"","0","testParseYearWithWhitespace","","Sat Apr 19 17:52:09 EET 2025","passed","Sat Apr 19 17:52:09 EET 2025","","test.YearTest","test.YearTest","testParseYearWithWhitespace"
"","1","testEquals_SameValueDifferentObject","","Sat Apr 19 17:52:09 EET 2025","passed","Sat Apr 19 17:52:09 EET 2025","","test.YearTest","test.YearTest","testEquals_SameValueDifferentObject"
"","6","testCalculatePriceWhenDiscountsSeasonIsFalse","","Sat Apr 19 17:52:09 EET 2025","passed","Sat Apr 19 17:52:09 EET 2025","","test.DiscountManagerTest","test.DiscountManagerTest","testCalculatePriceWhenDiscountsSeasonIsFalse"
"","1","testHashCodeEquality","","Sat Apr 19 17:52:09 EET 2025","passed","Sat Apr 19 17:52:09 EET 2025","","test.YearTest","test.YearTest","testHashCodeEquality"
"","0","testHashCodeValue","","Sat Apr 19 17:52:09 EET 2025","failed","Sat Apr 19 17:52:09 EET 2025","","test.YearTest","test.YearTest","testHashCodeValue"
"","0","testFarFutureDate","","Sat Apr 19 17:52:09 EET 2025","passed","Sat Apr 19 17:52:09 EET 2025","","test.DiscountCalculatorTest","test.DiscountCalculatorTest","testFarFutureDate"
"","0","testLastMillisecond_EarlyYear","","Sat Apr 19 17:52:09 EET 2025","passed","Sat Apr 19 17:52:09 EET 2025","","test.YearTest","test.YearTest","testLastMillisecond_EarlyYear"
"","0","testEquals_SameObject","","Sat Apr 19 17:52:09 EET 2025","passed","Sat Apr 19 17:52:09 EET 2025","","test.YearTest","test.YearTest","testEquals_SameObject"
"","1","testInvalidYearLength","","Sat Apr 19 17:52:09 EET 2025","failed","Sat Apr 19 17:52:09 EET 2025","","test.YearTest","test.YearTest","testInvalidYearLength"
"","0","testGetDiscountPercentageOddWeek","","Sat Apr 19 17:52:09 EET 2025","passed","Sat Apr 19 17:52:09 EET 2025","","test.DiscountCalculatorTest","test.DiscountCalculatorTest","testGetDiscountPercentageOddWeek"
"","0","testLastMillisecond_StandardYear","","Sat Apr 19 17:52:09 EET 2025","passed","Sat Apr 19 17:52:09 EET 2025","","test.YearTest","test.YearTest","testLastMillisecond_StandardYear"
"","0","testIsTheSpecialWeekWhenFalse","","Sat Apr 19 17:52:09 EET 2025","passed","Sat Apr 19 17:52:09 EET 2025","","test.DiscountCalculatorTest","test.DiscountCalculatorTest","testIsTheSpecialWeekWhenFalse"
"","0","testVeryOldDate","","Sat Apr 19 17:52:09 EET 2025","passed","Sat Apr 19 17:52:09 EET 2025","","test.DiscountCalculatorTest","test.DiscountCalculatorTest","testVeryOldDate"
"","0","testYearDefaultCtor","","Sat Apr 19 17:52:09 EET 2025","passed","Sat Apr 19 17:52:09 EET 2025","","test.YearTest","test.YearTest","testYearDefaultCtor"
"","1","testHashCodeConsistency","","Sat Apr 19 17:52:09 EET 2025","passed","Sat Apr 19 17:52:09 EET 2025","","test.YearTest","test.YearTest","testHashCodeConsistency"
"","1","testLastMillisecond_NullCalendar","","Sat Apr 19 17:52:09 EET 2025","passed","Sat Apr 19 17:52:09 EET 2025","","test.YearTest","test.YearTest","testLastMillisecond_NullCalendar"
"","0","testCalculatePriceWhenDiscountsSeasonIsTrueAndSpecialWeekIsTrue","","Sat Apr 19 17:52:09 EET 2025","passed","Sat Apr 19 17:52:09 EET 2025","","test.DiscountManagerTest","test.DiscountManagerTest","testCalculatePriceWhenDiscountsSeasonIsTrueAndSpecialWeekIsTrue"
"","12","testCompareTo_Null","","Sat Apr 19 17:52:09 EET 2025","failed","Sat Apr 19 17:52:09 EET 2025","","test.YearTest","test.YearTest","testCompareTo_Null"
